[{"family":"MaterialIcons","fonts":[{"asset":"fonts/MaterialIcons-Regular.otf"}]},{"family":"Poppins","fonts":[{"asset":"asset/font/Poppins-Light.ttf"},{"asset":"asset/font/Poppins-Black.ttf"},{"asset":"asset/font/Poppins-Bold.ttf"},{"asset":"asset/font/Poppins-Light.ttf"},{"asset":"asset/font/Poppins-Light.ttf"},{"asset":"asset/font/Poppins-Regular.ttf"},{"asset":"asset/font/Poppins-Medium.ttf"},{"asset":"asset/font/Poppins-Thin.ttf"}]},{"family":"packages/cupertino_icons/CupertinoIcons","fonts":[{"asset":"packages/cupertino_icons/assets/CupertinoIcons.ttf"}]}]